,iteration,max_dist,n_facilities,weighted_register,weighted_total_weight,weighted_sum,demand_point_0,demand_point_1,demand_point_2,demand_point_3,demand_point_4,demand_point_5,demand_point_6,demand_point_7,demand_point_8,demand_point_9,demand_point_10,demand_point_11,demand_point_12,demand_point_13,demand_point_14,demand_point_15,demand_point_16,demand_point_17,demand_point_18,demand_point_19,demand_point_20,demand_point_21,demand_point_22,demand_point_23,demand_point_24,demand_point_25,demand_point_26,demand_point_27,demand_point_28,demand_point_29,demand_point_30,demand_point_31,demand_point_32,demand_point_33,demand_point_34,demand_point_35,demand_point_36,demand_point_37,demand_point_38,demand_point_39,demand_point_40,demand_point_41,demand_point_42,demand_point_43,demand_point_44,demand_point_45,demand_point_46,demand_point_47,demand_point_48,demand_point_49,demand_point_50,demand_point_51,demand_point_52,demand_point_53,demand_point_54,demand_point_55,demand_point_56,demand_point_57,demand_point_58,demand_point_59,demand_point_60,demand_point_61,demand_point_62,demand_point_63,demand_point_64,demand_point_65,demand_point_66,demand_point_67,demand_point_68,demand_point_69,demand_point_70,demand_point_71,demand_point_72,demand_point_73,demand_point_74,demand_point_75,demand_point_76,demand_point_77,demand_point_78,demand_point_79,demand_point_80,demand_point_81,demand_point_82,demand_point_83,demand_point_84,demand_point_85,demand_point_86,demand_point_87,demand_point_88,demand_point_89,demand_point_90,demand_point_91,demand_point_92,demand_point_93,demand_point_94,demand_point_95,demand_point_96,demand_point_97,demand_point_98,demand_point_99,demand_point_100,demand_point_101,demand_point_102,demand_point_103,demand_point_104,demand_point_105,demand_point_106,demand_point_107,demand_point_108,demand_point_109,demand_point_110,demand_point_111,demand_point_112,demand_point_113,demand_point_114,demand_point_115,demand_point_116,demand_point_117,demand_point_118,demand_point_119,demand_point_120,demand_point_121,demand_point_122,demand_point_123,demand_point_124,demand_point_125,demand_point_126,demand_point_127,demand_point_128,demand_point_129,demand_point_130,demand_point_131,demand_point_132,demand_point_133,demand_point_134,demand_point_135,demand_point_136,demand_point_137,demand_point_138,demand_point_139,demand_point_140,demand_point_141,demand_point_142,demand_point_143,demand_point_144,demand_point_145,demand_point_146,demand_point_147,demand_point_148,demand_point_149,demand_point_150,demand_point_151,demand_point_152,demand_point_153,demand_point_154,demand_point_155,demand_point_156,demand_point_157,demand_point_158,total_demand_points_covered
0,0,1000,500,320514.6230552,1680556670,126.50375312008873,0,0,0,0,1,0,0,0,0,0,0,0,0,0,0,0,0,0,1,0,0,0,1,0,0,0,0,0,0,0,0,0,0,1,0,0,0,0,1,0,0,0,0,0,0,0,0,0,0,1,0,1,1,1,0,0,0,0,0,1,0,0,0,0,0,0,0,1,0,0,0,0,0,0,0,0,0,0,0,0,0,1,0,0,0,0,0,0,0,0,0,0,0,0,0,0,1,0,0,0,0,1,0,0,1,0,0,0,0,0,0,1,0,0,0,0,1,0,0,0,0,0,0,0,1,1,0,0,1,0,1,1,0,0,0,0,1,1,0,0,0,1,0,0,0,0,1,0,1,0,0,0,1,0,0,0,0,0,0,28
1,1,1000,1000,320514.6230552,1680556670,126.50375312008873,0,0,0,0,1,0,0,0,0,0,0,0,0,0,0,0,0,0,1,0,0,0,1,0,0,0,0,0,0,0,0,0,0,1,0,0,0,0,1,0,0,0,0,0,0,0,0,0,0,1,0,1,1,1,0,0,0,0,0,1,0,0,0,0,0,0,0,1,0,0,0,0,0,0,0,0,0,0,0,0,0,1,0,0,0,0,0,0,0,0,0,0,0,0,0,0,1,0,0,0,0,1,0,0,1,0,0,0,0,0,0,1,0,0,0,0,1,0,0,0,0,0,0,0,1,1,0,0,1,0,1,1,0,0,0,0,1,1,0,0,0,1,0,0,0,0,1,0,1,0,0,0,1,0,0,0,0,0,0,28
2,2,1000,1500,320514.6230552,1680556670,126.50375312008873,0,0,0,0,1,0,0,0,0,0,0,0,0,0,0,0,0,0,1,0,0,0,1,0,0,0,0,0,0,0,0,0,0,1,0,0,0,0,1,0,0,0,0,0,0,0,0,0,0,1,0,1,1,1,0,0,0,0,0,1,0,0,0,0,0,0,0,1,0,0,0,0,0,0,0,0,0,0,0,0,0,1,0,0,0,0,0,0,0,0,0,0,0,0,0,0,1,0,0,0,0,1,0,0,1,0,0,0,0,0,0,1,0,0,0,0,1,0,0,0,0,0,0,0,1,1,0,0,1,0,1,1,0,0,0,0,1,1,0,0,0,1,0,0,0,0,1,0,1,0,0,0,1,0,0,0,0,0,0,28
3,3,1000,2000,320514.6230552,1680556670,126.50375312008873,0,0,0,0,1,0,0,0,0,0,0,0,0,0,0,0,0,0,1,0,0,0,1,0,0,0,0,0,0,0,0,0,0,1,0,0,0,0,1,0,0,0,0,0,0,0,0,0,0,1,0,1,1,1,0,0,0,0,0,1,0,0,0,0,0,0,0,1,0,0,0,0,0,0,0,0,0,0,0,0,0,1,0,0,0,0,0,0,0,0,0,0,0,0,0,0,1,0,0,0,0,1,0,0,1,0,0,0,0,0,0,1,0,0,0,0,1,0,0,0,0,0,0,0,1,1,0,0,1,0,1,1,0,0,0,0,1,1,0,0,0,1,0,0,0,0,1,0,1,0,0,0,1,0,0,0,0,0,0,28
4,4,1000,2500,320514.6230552,1680556670,126.50375312008873,0,0,0,0,1,0,0,0,0,0,0,0,0,0,0,0,0,0,1,0,0,0,1,0,0,0,0,0,0,0,0,0,0,1,0,0,0,0,1,0,0,0,0,0,0,0,0,0,0,1,0,1,1,1,0,0,0,0,0,1,0,0,0,0,0,0,0,1,0,0,0,0,0,0,0,0,0,0,0,0,0,1,0,0,0,0,0,0,0,0,0,0,0,0,0,0,1,0,0,0,0,1,0,0,1,0,0,0,0,0,0,1,0,0,0,0,1,0,0,0,0,0,0,0,1,1,0,0,1,0,1,1,0,0,0,0,1,1,0,0,0,1,0,0,0,0,1,0,1,0,0,0,1,0,0,0,0,0,0,28
5,5,1000,3000,320514.6230552,1680556670,126.50375312008873,0,0,0,0,1,0,0,0,0,0,0,0,0,0,0,0,0,0,1,0,0,0,1,0,0,0,0,0,0,0,0,0,0,1,0,0,0,0,1,0,0,0,0,0,0,0,0,0,0,1,0,1,1,1,0,0,0,0,0,1,0,0,0,0,0,0,0,1,0,0,0,0,0,0,0,0,0,0,0,0,0,1,0,0,0,0,0,0,0,0,0,0,0,0,0,0,1,0,0,0,0,1,0,0,1,0,0,0,0,0,0,1,0,0,0,0,1,0,0,0,0,0,0,0,1,1,0,0,1,0,1,1,0,0,0,0,1,1,0,0,0,1,0,0,0,0,1,0,1,0,0,0,1,0,0,0,0,0,0,28
6,6,1000,3500,320514.6230552,1680556670,126.50375312008873,0,0,0,0,1,0,0,0,0,0,0,0,0,0,0,0,0,0,1,0,0,0,1,0,0,0,0,0,0,0,0,0,0,1,0,0,0,0,1,0,0,0,0,0,0,0,0,0,0,1,0,1,1,1,0,0,0,0,0,1,0,0,0,0,0,0,0,1,0,0,0,0,0,0,0,0,0,0,0,0,0,1,0,0,0,0,0,0,0,0,0,0,0,0,0,0,1,0,0,0,0,1,0,0,1,0,0,0,0,0,0,1,0,0,0,0,1,0,0,0,0,0,0,0,1,1,0,0,1,0,1,1,0,0,0,0,1,1,0,0,0,1,0,0,0,0,1,0,1,0,0,0,1,0,0,0,0,0,0,28
7,7,1000,4000,320514.6230552,1680556670,126.50375312008873,0,0,0,0,1,0,0,0,0,0,0,0,0,0,0,0,0,0,1,0,0,0,1,0,0,0,0,0,0,0,0,0,0,1,0,0,0,0,1,0,0,0,0,0,0,0,0,0,0,1,0,1,1,1,0,0,0,0,0,1,0,0,0,0,0,0,0,1,0,0,0,0,0,0,0,0,0,0,0,0,0,1,0,0,0,0,0,0,0,0,0,0,0,0,0,0,1,0,0,0,0,1,0,0,1,0,0,0,0,0,0,1,0,0,0,0,1,0,0,0,0,0,0,0,1,1,0,0,1,0,1,1,0,0,0,0,1,1,0,0,0,1,0,0,0,0,1,0,1,0,0,0,1,0,0,0,0,0,0,28
8,8,1000,4500,320514.6230552,1680556670,126.50375312008873,0,0,0,0,1,0,0,0,0,0,0,0,0,0,0,0,0,0,1,0,0,0,1,0,0,0,0,0,0,0,0,0,0,1,0,0,0,0,1,0,0,0,0,0,0,0,0,0,0,1,0,1,1,1,0,0,0,0,0,1,0,0,0,0,0,0,0,1,0,0,0,0,0,0,0,0,0,0,0,0,0,1,0,0,0,0,0,0,0,0,0,0,0,0,0,0,1,0,0,0,0,1,0,0,1,0,0,0,0,0,0,1,0,0,0,0,1,0,0,0,0,0,0,0,1,1,0,0,1,0,1,1,0,0,0,0,1,1,0,0,0,1,0,0,0,0,1,0,1,0,0,0,1,0,0,0,0,0,0,28
9,9,1000,5000,683877.30488024,3901919058,730.3851804396138,0,0,0,0,3,0,0,0,0,0,0,0,0,0,0,0,0,0,2,0,0,0,6,0,1,0,0,0,0,0,0,0,0,1,0,0,0,0,2,0,3,0,0,0,0,0,0,3,0,1,0,1,1,2,0,0,0,0,1,1,0,0,0,0,0,0,0,1,0,0,0,0,0,0,0,0,0,0,0,0,0,1,0,0,0,0,0,0,0,0,0,2,0,0,0,0,3,0,0,0,0,3,0,0,1,0,0,0,0,0,0,2,0,0,0,0,2,0,0,0,0,0,0,0,2,1,0,0,4,0,2,1,2,0,0,0,1,2,0,0,0,2,0,0,0,0,1,0,2,0,0,0,6,0,1,0,0,0,0,70
10,10,1500,500,584100.09262501,2594760076,242.21147721859478,0,0,0,0,1,0,0,0,0,1,0,0,0,0,0,0,0,1,1,0,0,0,1,0,0,0,0,0,0,0,0,0,0,1,0,0,0,1,1,0,0,0,1,0,0,0,0,0,0,1,0,1,1,1,0,0,0,0,0,1,0,0,1,0,0,0,0,1,0,0,0,0,0,1,0,0,0,1,0,0,1,1,0,0,1,0,0,0,0,0,1,0,1,1,0,0,1,0,0,0,0,1,1,0,1,0,0,0,0,0,0,1,0,0,1,0,1,0,0,0,0,0,0,0,1,1,1,0,1,0,1,1,0,0,1,0,1,1,0,0,0,1,0,0,0,0,1,0,1,0,0,0,1,0,0,0,0,0,0,44
11,11,1500,1000,584100.09262501,2594760076,242.21147721859478,0,0,0,0,1,0,0,0,0,1,0,0,0,0,0,0,0,1,1,0,0,0,1,0,0,0,0,0,0,0,0,0,0,1,0,0,0,1,1,0,0,0,1,0,0,0,0,0,0,1,0,1,1,1,0,0,0,0,0,1,0,0,1,0,0,0,0,1,0,0,0,0,0,1,0,0,0,1,0,0,1,1,0,0,1,0,0,0,0,0,1,0,1,1,0,0,1,0,0,0,0,1,1,0,1,0,0,0,0,0,0,1,0,0,1,0,1,0,0,0,0,0,0,0,1,1,1,0,1,0,1,1,0,0,1,0,1,1,0,0,0,1,0,0,0,0,1,0,1,0,0,0,1,0,0,0,0,0,0,44
12,12,1500,1500,584100.09262501,2594760076,242.21147721859478,0,0,0,0,1,0,0,0,0,1,0,0,0,0,0,0,0,1,1,0,0,0,1,0,0,0,0,0,0,0,0,0,0,1,0,0,0,1,1,0,0,0,1,0,0,0,0,0,0,1,0,1,1,1,0,0,0,0,0,1,0,0,1,0,0,0,0,1,0,0,0,0,0,1,0,0,0,1,0,0,1,1,0,0,1,0,0,0,0,0,1,0,1,1,0,0,1,0,0,0,0,1,1,0,1,0,0,0,0,0,0,1,0,0,1,0,1,0,0,0,0,0,0,0,1,1,1,0,1,0,1,1,0,0,1,0,1,1,0,0,0,1,0,0,0,0,1,0,1,0,0,0,1,0,0,0,0,0,0,44
13,13,1500,2000,584100.09262501,2594760076,242.21147721859478,0,0,0,0,1,0,0,0,0,1,0,0,0,0,0,0,0,1,1,0,0,0,1,0,0,0,0,0,0,0,0,0,0,1,0,0,0,1,1,0,0,0,1,0,0,0,0,0,0,1,0,1,1,1,0,0,0,0,0,1,0,0,1,0,0,0,0,1,0,0,0,0,0,1,0,0,0,1,0,0,1,1,0,0,1,0,0,0,0,0,1,0,1,1,0,0,1,0,0,0,0,1,1,0,1,0,0,0,0,0,0,1,0,0,1,0,1,0,0,0,0,0,0,0,1,1,1,0,1,0,1,1,0,0,1,0,1,1,0,0,0,1,0,0,0,0,1,0,1,0,0,0,1,0,0,0,0,0,0,44
14,14,1500,2500,584100.09262501,2594760076,242.21147721859478,0,0,0,0,1,0,0,0,0,1,0,0,0,0,0,0,0,1,1,0,0,0,1,0,0,0,0,0,0,0,0,0,0,1,0,0,0,1,1,0,0,0,1,0,0,0,0,0,0,1,0,1,1,1,0,0,0,0,0,1,0,0,1,0,0,0,0,1,0,0,0,0,0,1,0,0,0,1,0,0,1,1,0,0,1,0,0,0,0,0,1,0,1,1,0,0,1,0,0,0,0,1,1,0,1,0,0,0,0,0,0,1,0,0,1,0,1,0,0,0,0,0,0,0,1,1,1,0,1,0,1,1,0,0,1,0,1,1,0,0,0,1,0,0,0,0,1,0,1,0,0,0,1,0,0,0,0,0,0,44
15,15,1500,3000,584100.09262501,2594760076,242.21147721859478,0,0,0,0,1,0,0,0,0,1,0,0,0,0,0,0,0,1,1,0,0,0,1,0,0,0,0,0,0,0,0,0,0,1,0,0,0,1,1,0,0,0,1,0,0,0,0,0,0,1,0,1,1,1,0,0,0,0,0,1,0,0,1,0,0,0,0,1,0,0,0,0,0,1,0,0,0,1,0,0,1,1,0,0,1,0,0,0,0,0,1,0,1,1,0,0,1,0,0,0,0,1,1,0,1,0,0,0,0,0,0,1,0,0,1,0,1,0,0,0,0,0,0,0,1,1,1,0,1,0,1,1,0,0,1,0,1,1,0,0,0,1,0,0,0,0,1,0,1,0,0,0,1,0,0,0,0,0,0,44
16,16,1500,3500,584100.09262501,2594760076,242.21147721859478,0,0,0,0,1,0,0,0,0,1,0,0,0,0,0,0,0,1,1,0,0,0,1,0,0,0,0,0,0,0,0,0,0,1,0,0,0,1,1,0,0,0,1,0,0,0,0,0,0,1,0,1,1,1,0,0,0,0,0,1,0,0,1,0,0,0,0,1,0,0,0,0,0,1,0,0,0,1,0,0,1,1,0,0,1,0,0,0,0,0,1,0,1,1,0,0,1,0,0,0,0,1,1,0,1,0,0,0,0,0,0,1,0,0,1,0,1,0,0,0,0,0,0,0,1,1,1,0,1,0,1,1,0,0,1,0,1,1,0,0,0,1,0,0,0,0,1,0,1,0,0,0,1,0,0,0,0,0,0,44
17,17,1500,4000,584100.09262501,2594760076,242.21147721859478,0,0,0,0,1,0,0,0,0,1,0,0,0,0,0,0,0,1,1,0,0,0,1,0,0,0,0,0,0,0,0,0,0,1,0,0,0,1,1,0,0,0,1,0,0,0,0,0,0,1,0,1,1,1,0,0,0,0,0,1,0,0,1,0,0,0,0,1,0,0,0,0,0,1,0,0,0,1,0,0,1,1,0,0,1,0,0,0,0,0,1,0,1,1,0,0,1,0,0,0,0,1,1,0,1,0,0,0,0,0,0,1,0,0,1,0,1,0,0,0,0,0,0,0,1,1,1,0,1,0,1,1,0,0,1,0,1,1,0,0,0,1,0,0,0,0,1,0,1,0,0,0,1,0,0,0,0,0,0,44
18,18,1500,4500,584100.09262501,2594760076,242.21147721859478,0,0,0,0,1,0,0,0,0,1,0,0,0,0,0,0,0,1,1,0,0,0,1,0,0,0,0,0,0,0,0,0,0,1,0,0,0,1,1,0,0,0,1,0,0,0,0,0,0,1,0,1,1,1,0,0,0,0,0,1,0,0,1,0,0,0,0,1,0,0,0,0,0,1,0,0,0,1,0,0,1,1,0,0,1,0,0,0,0,0,1,0,1,1,0,0,1,0,0,0,0,1,1,0,1,0,0,0,0,0,0,1,0,0,1,0,1,0,0,0,0,0,0,0,1,1,1,0,1,0,1,1,0,0,1,0,1,1,0,0,0,1,0,0,0,0,1,0,1,0,0,0,1,0,0,0,0,0,0,44
19,19,1500,5000,1887040.9633810702,8705701541,1400.4900778990277,0,0,0,0,4,0,0,0,0,1,1,0,0,0,0,0,0,1,4,0,1,0,8,0,3,0,1,0,0,0,0,0,1,2,0,0,0,4,3,0,3,0,3,0,0,0,0,6,0,1,0,2,2,2,0,0,0,0,1,3,0,0,2,0,0,0,0,4,0,0,0,0,0,4,0,0,0,3,0,0,4,1,0,0,2,0,0,0,0,0,2,2,2,4,0,0,4,0,0,0,0,3,1,0,3,1,0,0,0,0,0,2,0,0,1,0,5,0,0,0,0,0,0,0,2,2,4,0,9,0,7,2,4,0,1,0,2,4,1,0,0,6,0,0,0,0,1,0,2,0,0,0,8,0,1,0,1,0,0,164
20,20,2000,500,782642.73532348,3487763074,365.72182455507743,0,0,0,0,1,0,0,0,0,1,0,0,1,0,0,0,0,1,1,0,0,0,1,0,0,0,0,0,0,1,0,0,0,1,0,0,0,1,1,0,0,0,1,0,0,0,0,0,0,1,0,1,1,1,0,0,0,1,0,1,0,0,1,0,1,0,1,1,0,0,0,0,0,1,0,0,0,1,0,0,1,1,0,0,1,0,0,0,0,0,1,0,1,1,0,0,1,0,1,1,1,1,1,0,1,0,0,1,0,0,0,1,0,0,1,0,1,0,0,0,0,0,0,0,1,1,1,0,1,0,1,1,0,0,1,0,1,1,0,1,0,1,0,1,0,0,1,0,1,0,0,0,1,0,0,0,0,0,0,55
21,21,2000,1000,782642.73532348,3487763074,365.72182455507743,0,0,0,0,1,0,0,0,0,1,0,0,1,0,0,0,0,1,1,0,0,0,1,0,0,0,0,0,0,1,0,0,0,1,0,0,0,1,1,0,0,0,1,0,0,0,0,0,0,1,0,1,1,1,0,0,0,1,0,1,0,0,1,0,1,0,1,1,0,0,0,0,0,1,0,0,0,1,0,0,1,1,0,0,1,0,0,0,0,0,1,0,1,1,0,0,1,0,1,1,1,1,1,0,1,0,0,1,0,0,0,1,0,0,1,0,1,0,0,0,0,0,0,0,1,1,1,0,1,0,1,1,0,0,1,0,1,1,0,1,0,1,0,1,0,0,1,0,1,0,0,0,1,0,0,0,0,0,0,55
22,22,2000,1500,782642.73532348,3487763074,365.72182455507743,0,0,0,0,1,0,0,0,0,1,0,0,1,0,0,0,0,1,1,0,0,0,1,0,0,0,0,0,0,1,0,0,0,1,0,0,0,1,1,0,0,0,1,0,0,0,0,0,0,1,0,1,1,1,0,0,0,1,0,1,0,0,1,0,1,0,1,1,0,0,0,0,0,1,0,0,0,1,0,0,1,1,0,0,1,0,0,0,0,0,1,0,1,1,0,0,1,0,1,1,1,1,1,0,1,0,0,1,0,0,0,1,0,0,1,0,1,0,0,0,0,0,0,0,1,1,1,0,1,0,1,1,0,0,1,0,1,1,0,1,0,1,0,1,0,0,1,0,1,0,0,0,1,0,0,0,0,0,0,55
23,23,2000,2000,782642.73532348,3487763074,365.72182455507743,0,0,0,0,1,0,0,0,0,1,0,0,1,0,0,0,0,1,1,0,0,0,1,0,0,0,0,0,0,1,0,0,0,1,0,0,0,1,1,0,0,0,1,0,0,0,0,0,0,1,0,1,1,1,0,0,0,1,0,1,0,0,1,0,1,0,1,1,0,0,0,0,0,1,0,0,0,1,0,0,1,1,0,0,1,0,0,0,0,0,1,0,1,1,0,0,1,0,1,1,1,1,1,0,1,0,0,1,0,0,0,1,0,0,1,0,1,0,0,0,0,0,0,0,1,1,1,0,1,0,1,1,0,0,1,0,1,1,0,1,0,1,0,1,0,0,1,0,1,0,0,0,1,0,0,0,0,0,0,55
24,24,2000,2500,782642.73532348,3487763074,365.72182455507743,0,0,0,0,1,0,0,0,0,1,0,0,1,0,0,0,0,1,1,0,0,0,1,0,0,0,0,0,0,1,0,0,0,1,0,0,0,1,1,0,0,0,1,0,0,0,0,0,0,1,0,1,1,1,0,0,0,1,0,1,0,0,1,0,1,0,1,1,0,0,0,0,0,1,0,0,0,1,0,0,1,1,0,0,1,0,0,0,0,0,1,0,1,1,0,0,1,0,1,1,1,1,1,0,1,0,0,1,0,0,0,1,0,0,1,0,1,0,0,0,0,0,0,0,1,1,1,0,1,0,1,1,0,0,1,0,1,1,0,1,0,1,0,1,0,0,1,0,1,0,0,0,1,0,0,0,0,0,0,55
25,25,2000,3000,782642.73532348,3487763074,365.72182455507743,0,0,0,0,1,0,0,0,0,1,0,0,1,0,0,0,0,1,1,0,0,0,1,0,0,0,0,0,0,1,0,0,0,1,0,0,0,1,1,0,0,0,1,0,0,0,0,0,0,1,0,1,1,1,0,0,0,1,0,1,0,0,1,0,1,0,1,1,0,0,0,0,0,1,0,0,0,1,0,0,1,1,0,0,1,0,0,0,0,0,1,0,1,1,0,0,1,0,1,1,1,1,1,0,1,0,0,1,0,0,0,1,0,0,1,0,1,0,0,0,0,0,0,0,1,1,1,0,1,0,1,1,0,0,1,0,1,1,0,1,0,1,0,1,0,0,1,0,1,0,0,0,1,0,0,0,0,0,0,55
26,26,2000,3500,782642.73532348,3487763074,365.72182455507743,0,0,0,0,1,0,0,0,0,1,0,0,1,0,0,0,0,1,1,0,0,0,1,0,0,0,0,0,0,1,0,0,0,1,0,0,0,1,1,0,0,0,1,0,0,0,0,0,0,1,0,1,1,1,0,0,0,1,0,1,0,0,1,0,1,0,1,1,0,0,0,0,0,1,0,0,0,1,0,0,1,1,0,0,1,0,0,0,0,0,1,0,1,1,0,0,1,0,1,1,1,1,1,0,1,0,0,1,0,0,0,1,0,0,1,0,1,0,0,0,0,0,0,0,1,1,1,0,1,0,1,1,0,0,1,0,1,1,0,1,0,1,0,1,0,0,1,0,1,0,0,0,1,0,0,0,0,0,0,55
27,27,2000,4000,782642.73532348,3487763074,365.72182455507743,0,0,0,0,1,0,0,0,0,1,0,0,1,0,0,0,0,1,1,0,0,0,1,0,0,0,0,0,0,1,0,0,0,1,0,0,0,1,1,0,0,0,1,0,0,0,0,0,0,1,0,1,1,1,0,0,0,1,0,1,0,0,1,0,1,0,1,1,0,0,0,0,0,1,0,0,0,1,0,0,1,1,0,0,1,0,0,0,0,0,1,0,1,1,0,0,1,0,1,1,1,1,1,0,1,0,0,1,0,0,0,1,0,0,1,0,1,0,0,0,0,0,0,0,1,1,1,0,1,0,1,1,0,0,1,0,1,1,0,1,0,1,0,1,0,0,1,0,1,0,0,0,1,0,0,0,0,0,0,55
28,28,2000,4500,782642.73532348,3487763074,365.72182455507743,0,0,0,0,1,0,0,0,0,1,0,0,1,0,0,0,0,1,1,0,0,0,1,0,0,0,0,0,0,1,0,0,0,1,0,0,0,1,1,0,0,0,1,0,0,0,0,0,0,1,0,1,1,1,0,0,0,1,0,1,0,0,1,0,1,0,1,1,0,0,0,0,0,1,0,0,0,1,0,0,1,1,0,0,1,0,0,0,0,0,1,0,1,1,0,0,1,0,1,1,1,1,1,0,1,0,0,1,0,0,0,1,0,0,1,0,1,0,0,0,0,0,0,0,1,1,1,0,1,0,1,1,0,0,1,0,1,1,0,1,0,1,0,1,0,0,1,0,1,0,0,0,1,0,0,0,0,0,0,55
29,29,2000,5000,3729984.180261168,18431940644,2433.822101341362,0,0,0,0,7,0,0,0,0,1,1,0,4,0,0,0,0,2,7,0,1,0,11,0,4,0,1,0,0,1,1,0,2,9,0,0,0,9,5,1,3,0,5,0,0,0,0,6,0,1,0,2,4,4,0,0,0,2,3,3,0,1,3,0,1,0,1,6,0,0,0,0,0,4,0,0,0,4,0,0,4,2,0,0,4,0,0,0,0,0,6,5,2,4,0,0,5,1,2,5,4,4,2,0,4,4,0,1,0,0,0,2,0,0,1,4,7,0,4,0,0,0,0,0,7,2,4,0,16,0,14,6,4,0,5,0,4,11,1,1,0,7,0,1,0,0,1,0,7,0,0,0,9,0,4,0,2,0,0,303
30,30,2500,500,1063560.4894268601,4095661815,490.97906376760665,1,0,0,0,1,0,0,0,0,1,0,0,1,1,1,0,0,1,1,0,0,0,1,1,0,0,0,0,0,1,0,0,0,1,0,1,0,1,1,0,0,0,1,0,0,0,0,0,0,1,0,1,1,1,1,1,0,1,0,1,1,0,1,1,1,0,1,1,0,0,0,0,0,1,1,0,0,1,0,0,1,1,0,0,1,1,1,0,1,0,1,0,1,1,0,0,1,0,1,1,1,1,1,0,1,0,0,1,1,0,0,1,1,0,1,0,1,0,0,0,0,1,1,0,1,1,1,0,1,0,1,1,0,0,1,0,1,1,0,1,0,1,1,1,0,0,1,0,1,0,0,1,1,0,0,0,0,0,0,74
31,31,2500,1000,1063560.4894268601,4095661815,490.97906376760665,1,0,0,0,1,0,0,0,0,1,0,0,1,1,1,0,0,1,1,0,0,0,1,1,0,0,0,0,0,1,0,0,0,1,0,1,0,1,1,0,0,0,1,0,0,0,0,0,0,1,0,1,1,1,1,1,0,1,0,1,1,0,1,1,1,0,1,1,0,0,0,0,0,1,1,0,0,1,0,0,1,1,0,0,1,1,1,0,1,0,1,0,1,1,0,0,1,0,1,1,1,1,1,0,1,0,0,1,1,0,0,1,1,0,1,0,1,0,0,0,0,1,1,0,1,1,1,0,1,0,1,1,0,0,1,0,1,1,0,1,0,1,1,1,0,0,1,0,1,0,0,1,1,0,0,0,0,0,0,74
32,32,2500,1500,1063560.4894268601,4095661815,490.97906376760665,1,0,0,0,1,0,0,0,0,1,0,0,1,1,1,0,0,1,1,0,0,0,1,1,0,0,0,0,0,1,0,0,0,1,0,1,0,1,1,0,0,0,1,0,0,0,0,0,0,1,0,1,1,1,1,1,0,1,0,1,1,0,1,1,1,0,1,1,0,0,0,0,0,1,1,0,0,1,0,0,1,1,0,0,1,1,1,0,1,0,1,0,1,1,0,0,1,0,1,1,1,1,1,0,1,0,0,1,1,0,0,1,1,0,1,0,1,0,0,0,0,1,1,0,1,1,1,0,1,0,1,1,0,0,1,0,1,1,0,1,0,1,1,1,0,0,1,0,1,0,0,1,1,0,0,0,0,0,0,74
33,33,2500,2000,1063560.4894268601,4095661815,490.97906376760665,1,0,0,0,1,0,0,0,0,1,0,0,1,1,1,0,0,1,1,0,0,0,1,1,0,0,0,0,0,1,0,0,0,1,0,1,0,1,1,0,0,0,1,0,0,0,0,0,0,1,0,1,1,1,1,1,0,1,0,1,1,0,1,1,1,0,1,1,0,0,0,0,0,1,1,0,0,1,0,0,1,1,0,0,1,1,1,0,1,0,1,0,1,1,0,0,1,0,1,1,1,1,1,0,1,0,0,1,1,0,0,1,1,0,1,0,1,0,0,0,0,1,1,0,1,1,1,0,1,0,1,1,0,0,1,0,1,1,0,1,0,1,1,1,0,0,1,0,1,0,0,1,1,0,0,0,0,0,0,74
34,34,2500,2500,1063560.4894268601,4095661815,490.97906376760665,1,0,0,0,1,0,0,0,0,1,0,0,1,1,1,0,0,1,1,0,0,0,1,1,0,0,0,0,0,1,0,0,0,1,0,1,0,1,1,0,0,0,1,0,0,0,0,0,0,1,0,1,1,1,1,1,0,1,0,1,1,0,1,1,1,0,1,1,0,0,0,0,0,1,1,0,0,1,0,0,1,1,0,0,1,1,1,0,1,0,1,0,1,1,0,0,1,0,1,1,1,1,1,0,1,0,0,1,1,0,0,1,1,0,1,0,1,0,0,0,0,1,1,0,1,1,1,0,1,0,1,1,0,0,1,0,1,1,0,1,0,1,1,1,0,0,1,0,1,0,0,1,1,0,0,0,0,0,0,74
35,35,2500,3000,1063560.4894268601,4095661815,490.97906376760665,1,0,0,0,1,0,0,0,0,1,0,0,1,1,1,0,0,1,1,0,0,0,1,1,0,0,0,0,0,1,0,0,0,1,0,1,0,1,1,0,0,0,1,0,0,0,0,0,0,1,0,1,1,1,1,1,0,1,0,1,1,0,1,1,1,0,1,1,0,0,0,0,0,1,1,0,0,1,0,0,1,1,0,0,1,1,1,0,1,0,1,0,1,1,0,0,1,0,1,1,1,1,1,0,1,0,0,1,1,0,0,1,1,0,1,0,1,0,0,0,0,1,1,0,1,1,1,0,1,0,1,1,0,0,1,0,1,1,0,1,0,1,1,1,0,0,1,0,1,0,0,1,1,0,0,0,0,0,0,74
36,36,2500,3500,1063560.4894268601,4095661815,490.97906376760665,1,0,0,0,1,0,0,0,0,1,0,0,1,1,1,0,0,1,1,0,0,0,1,1,0,0,0,0,0,1,0,0,0,1,0,1,0,1,1,0,0,0,1,0,0,0,0,0,0,1,0,1,1,1,1,1,0,1,0,1,1,0,1,1,1,0,1,1,0,0,0,0,0,1,1,0,0,1,0,0,1,1,0,0,1,1,1,0,1,0,1,0,1,1,0,0,1,0,1,1,1,1,1,0,1,0,0,1,1,0,0,1,1,0,1,0,1,0,0,0,0,1,1,0,1,1,1,0,1,0,1,1,0,0,1,0,1,1,0,1,0,1,1,1,0,0,1,0,1,0,0,1,1,0,0,0,0,0,0,74
37,37,2500,4000,1063560.4894268601,4095661815,490.97906376760665,1,0,0,0,1,0,0,0,0,1,0,0,1,1,1,0,0,1,1,0,0,0,1,1,0,0,0,0,0,1,0,0,0,1,0,1,0,1,1,0,0,0,1,0,0,0,0,0,0,1,0,1,1,1,1,1,0,1,0,1,1,0,1,1,1,0,1,1,0,0,0,0,0,1,1,0,0,1,0,0,1,1,0,0,1,1,1,0,1,0,1,0,1,1,0,0,1,0,1,1,1,1,1,0,1,0,0,1,1,0,0,1,1,0,1,0,1,0,0,0,0,1,1,0,1,1,1,0,1,0,1,1,0,0,1,0,1,1,0,1,0,1,1,1,0,0,1,0,1,0,0,1,1,0,0,0,0,0,0,74
38,38,2500,4500,1063560.4894268601,4095661815,490.97906376760665,1,0,0,0,1,0,0,0,0,1,0,0,1,1,1,0,0,1,1,0,0,0,1,1,0,0,0,0,0,1,0,0,0,1,0,1,0,1,1,0,0,0,1,0,0,0,0,0,0,1,0,1,1,1,1,1,0,1,0,1,1,0,1,1,1,0,1,1,0,0,0,0,0,1,1,0,0,1,0,0,1,1,0,0,1,1,1,0,1,0,1,0,1,1,0,0,1,0,1,1,1,1,1,0,1,0,0,1,1,0,0,1,1,0,1,0,1,0,0,0,0,1,1,0,1,1,1,0,1,0,1,1,0,0,1,0,1,1,0,1,0,1,1,1,0,0,1,0,1,0,0,1,1,0,0,0,0,0,0,74
39,39,2500,5000,6392430.384953149,31332714280,3655.2941312695098,3,0,0,0,9,0,0,1,0,4,3,0,5,2,3,0,0,2,13,0,1,0,16,2,5,0,4,0,0,1,1,0,2,13,0,3,0,12,6,1,3,0,6,0,0,0,0,6,0,1,0,2,6,4,2,2,0,5,3,3,3,1,3,1,1,0,1,7,0,2,0,0,0,4,1,0,0,6,0,0,4,4,0,0,7,2,1,0,4,0,8,5,7,4,0,0,5,1,5,14,5,6,3,0,4,6,1,5,1,0,0,6,1,0,2,4,15,0,6,0,0,2,8,0,10,2,6,0,16,0,17,8,6,0,8,0,5,13,1,1,0,7,1,1,0,0,1,0,12,0,0,6,9,2,4,0,2,0,0,469
40,40,3000,500,1153304.1130135898,4262403382,545.5426628786788,1,0,0,1,1,0,0,0,0,1,0,0,1,1,1,0,0,1,1,0,0,0,1,1,0,0,0,0,0,1,0,0,0,1,0,1,0,1,1,0,0,0,1,0,1,0,0,0,0,1,0,1,1,1,1,1,0,1,0,1,1,0,1,1,1,0,1,1,0,0,0,0,1,1,1,1,0,1,0,0,1,1,0,0,1,1,1,0,1,0,1,0,1,1,0,0,1,0,1,1,1,1,1,1,1,0,0,1,1,0,0,1,1,0,1,0,1,0,0,1,0,1,1,0,1,1,1,0,1,0,1,1,0,0,1,0,1,1,0,1,0,1,1,1,0,0,1,0,1,0,0,1,1,0,0,0,0,1,0,81
41,41,3000,1000,1153304.1130135898,4262403382,545.5426628786788,1,0,0,1,1,0,0,0,0,1,0,0,1,1,1,0,0,1,1,0,0,0,1,1,0,0,0,0,0,1,0,0,0,1,0,1,0,1,1,0,0,0,1,0,1,0,0,0,0,1,0,1,1,1,1,1,0,1,0,1,1,0,1,1,1,0,1,1,0,0,0,0,1,1,1,1,0,1,0,0,1,1,0,0,1,1,1,0,1,0,1,0,1,1,0,0,1,0,1,1,1,1,1,1,1,0,0,1,1,0,0,1,1,0,1,0,1,0,0,1,0,1,1,0,1,1,1,0,1,0,1,1,0,0,1,0,1,1,0,1,0,1,1,1,0,0,1,0,1,0,0,1,1,0,0,0,0,1,0,81
42,42,3000,1500,1153304.1130135898,4262403382,545.5426628786788,1,0,0,1,1,0,0,0,0,1,0,0,1,1,1,0,0,1,1,0,0,0,1,1,0,0,0,0,0,1,0,0,0,1,0,1,0,1,1,0,0,0,1,0,1,0,0,0,0,1,0,1,1,1,1,1,0,1,0,1,1,0,1,1,1,0,1,1,0,0,0,0,1,1,1,1,0,1,0,0,1,1,0,0,1,1,1,0,1,0,1,0,1,1,0,0,1,0,1,1,1,1,1,1,1,0,0,1,1,0,0,1,1,0,1,0,1,0,0,1,0,1,1,0,1,1,1,0,1,0,1,1,0,0,1,0,1,1,0,1,0,1,1,1,0,0,1,0,1,0,0,1,1,0,0,0,0,1,0,81
43,43,3000,2000,1153304.1130135898,4262403382,545.5426628786788,1,0,0,1,1,0,0,0,0,1,0,0,1,1,1,0,0,1,1,0,0,0,1,1,0,0,0,0,0,1,0,0,0,1,0,1,0,1,1,0,0,0,1,0,1,0,0,0,0,1,0,1,1,1,1,1,0,1,0,1,1,0,1,1,1,0,1,1,0,0,0,0,1,1,1,1,0,1,0,0,1,1,0,0,1,1,1,0,1,0,1,0,1,1,0,0,1,0,1,1,1,1,1,1,1,0,0,1,1,0,0,1,1,0,1,0,1,0,0,1,0,1,1,0,1,1,1,0,1,0,1,1,0,0,1,0,1,1,0,1,0,1,1,1,0,0,1,0,1,0,0,1,1,0,0,0,0,1,0,81
44,44,3000,2500,1153304.1130135898,4262403382,545.5426628786788,1,0,0,1,1,0,0,0,0,1,0,0,1,1,1,0,0,1,1,0,0,0,1,1,0,0,0,0,0,1,0,0,0,1,0,1,0,1,1,0,0,0,1,0,1,0,0,0,0,1,0,1,1,1,1,1,0,1,0,1,1,0,1,1,1,0,1,1,0,0,0,0,1,1,1,1,0,1,0,0,1,1,0,0,1,1,1,0,1,0,1,0,1,1,0,0,1,0,1,1,1,1,1,1,1,0,0,1,1,0,0,1,1,0,1,0,1,0,0,1,0,1,1,0,1,1,1,0,1,0,1,1,0,0,1,0,1,1,0,1,0,1,1,1,0,0,1,0,1,0,0,1,1,0,0,0,0,1,0,81
45,45,3000,3000,1153304.1130135898,4262403382,545.5426628786788,1,0,0,1,1,0,0,0,0,1,0,0,1,1,1,0,0,1,1,0,0,0,1,1,0,0,0,0,0,1,0,0,0,1,0,1,0,1,1,0,0,0,1,0,1,0,0,0,0,1,0,1,1,1,1,1,0,1,0,1,1,0,1,1,1,0,1,1,0,0,0,0,1,1,1,1,0,1,0,0,1,1,0,0,1,1,1,0,1,0,1,0,1,1,0,0,1,0,1,1,1,1,1,1,1,0,0,1,1,0,0,1,1,0,1,0,1,0,0,1,0,1,1,0,1,1,1,0,1,0,1,1,0,0,1,0,1,1,0,1,0,1,1,1,0,0,1,0,1,0,0,1,1,0,0,0,0,1,0,81
46,46,3000,3500,1153304.1130135898,4262403382,545.5426628786788,1,0,0,1,1,0,0,0,0,1,0,0,1,1,1,0,0,1,1,0,0,0,1,1,0,0,0,0,0,1,0,0,0,1,0,1,0,1,1,0,0,0,1,0,1,0,0,0,0,1,0,1,1,1,1,1,0,1,0,1,1,0,1,1,1,0,1,1,0,0,0,0,1,1,1,1,0,1,0,0,1,1,0,0,1,1,1,0,1,0,1,0,1,1,0,0,1,0,1,1,1,1,1,1,1,0,0,1,1,0,0,1,1,0,1,0,1,0,0,1,0,1,1,0,1,1,1,0,1,0,1,1,0,0,1,0,1,1,0,1,0,1,1,1,0,0,1,0,1,0,0,1,1,0,0,0,0,1,0,81
47,47,3000,4000,1153304.1130135898,4262403382,545.5426628786788,1,0,0,1,1,0,0,0,0,1,0,0,1,1,1,0,0,1,1,0,0,0,1,1,0,0,0,0,0,1,0,0,0,1,0,1,0,1,1,0,0,0,1,0,1,0,0,0,0,1,0,1,1,1,1,1,0,1,0,1,1,0,1,1,1,0,1,1,0,0,0,0,1,1,1,1,0,1,0,0,1,1,0,0,1,1,1,0,1,0,1,0,1,1,0,0,1,0,1,1,1,1,1,1,1,0,0,1,1,0,0,1,1,0,1,0,1,0,0,1,0,1,1,0,1,1,1,0,1,0,1,1,0,0,1,0,1,1,0,1,0,1,1,1,0,0,1,0,1,0,0,1,1,0,0,0,0,1,0,81
48,48,3000,4500,7797977.268037269,37760360334,2946.4926199579468,6,0,0,1,9,0,0,0,0,4,0,0,10,3,6,0,0,4,14,0,0,0,20,3,0,0,0,0,0,2,0,0,0,17,0,4,0,14,6,0,0,0,8,0,2,0,0,0,0,1,0,2,7,5,3,2,0,5,0,3,3,0,4,1,1,0,1,7,0,0,0,0,1,4,2,3,0,7,0,0,4,6,0,0,9,2,1,0,4,0,11,0,14,4,0,0,6,0,9,14,5,6,7,1,4,0,0,7,1,0,0,10,2,0,3,0,19,0,0,1,0,6,9,0,11,2,9,0,25,0,23,10,0,0,9,0,7,15,0,1,0,7,1,1,0,0,1,0,14,0,0,6,10,0,0,0,0,1,0,513
49,49,3000,5000,8424710.434665307,38874505830,5056.26412199454,6,0,0,1,9,0,0,1,0,4,3,0,10,3,6,0,0,4,14,0,1,1,20,3,5,0,4,0,1,2,1,0,4,17,0,4,1,14,6,1,3,0,8,0,2,0,0,9,0,1,0,2,7,5,3,2,0,5,6,3,3,1,4,1,1,0,1,7,0,5,0,0,1,4,2,3,0,7,0,0,4,6,1,0,9,2,1,0,4,3,11,5,14,4,2,0,6,1,9,14,5,6,7,1,4,7,4,7,1,0,0,10,2,0,3,5,19,0,7,1,0,6,9,0,11,2,9,0,25,0,23,10,6,0,9,0,7,15,3,1,0,7,1,1,0,0,1,0,14,0,0,6,10,2,10,0,4,1,0,620
50,50,3500,500,1163593.7096489898,4328257651,560.0736333541647,1,0,0,1,1,0,0,0,0,1,0,0,1,1,1,0,0,1,1,0,0,0,1,1,0,0,0,0,0,1,0,0,0,1,0,1,0,1,1,0,0,0,1,0,1,0,0,0,0,1,1,1,1,1,1,1,0,1,0,1,1,0,1,1,1,0,1,1,0,0,0,0,1,1,1,1,0,1,0,0,1,1,0,0,1,1,1,0,1,0,1,0,1,1,0,0,1,0,1,1,1,1,1,1,1,0,0,1,1,0,0,1,1,0,1,0,1,0,0,1,0,1,1,0,1,1,1,0,1,0,1,1,0,0,1,0,1,1,0,1,0,1,1,1,0,0,1,0,1,0,0,1,1,0,0,0,0,1,0,82
51,51,3500,1000,1163593.7096489898,4328257651,560.0736333541647,1,0,0,1,1,0,0,0,0,1,0,0,1,1,1,0,0,1,1,0,0,0,1,1,0,0,0,0,0,1,0,0,0,1,0,1,0,1,1,0,0,0,1,0,1,0,0,0,0,1,1,1,1,1,1,1,0,1,0,1,1,0,1,1,1,0,1,1,0,0,0,0,1,1,1,1,0,1,0,0,1,1,0,0,1,1,1,0,1,0,1,0,1,1,0,0,1,0,1,1,1,1,1,1,1,0,0,1,1,0,0,1,1,0,1,0,1,0,0,1,0,1,1,0,1,1,1,0,1,0,1,1,0,0,1,0,1,1,0,1,0,1,1,1,0,0,1,0,1,0,0,1,1,0,0,0,0,1,0,82
52,52,3500,1500,1163593.7096489898,4328257651,560.0736333541647,1,0,0,1,1,0,0,0,0,1,0,0,1,1,1,0,0,1,1,0,0,0,1,1,0,0,0,0,0,1,0,0,0,1,0,1,0,1,1,0,0,0,1,0,1,0,0,0,0,1,1,1,1,1,1,1,0,1,0,1,1,0,1,1,1,0,1,1,0,0,0,0,1,1,1,1,0,1,0,0,1,1,0,0,1,1,1,0,1,0,1,0,1,1,0,0,1,0,1,1,1,1,1,1,1,0,0,1,1,0,0,1,1,0,1,0,1,0,0,1,0,1,1,0,1,1,1,0,1,0,1,1,0,0,1,0,1,1,0,1,0,1,1,1,0,0,1,0,1,0,0,1,1,0,0,0,0,1,0,82
53,53,3500,2000,1163593.7096489898,4328257651,560.0736333541647,1,0,0,1,1,0,0,0,0,1,0,0,1,1,1,0,0,1,1,0,0,0,1,1,0,0,0,0,0,1,0,0,0,1,0,1,0,1,1,0,0,0,1,0,1,0,0,0,0,1,1,1,1,1,1,1,0,1,0,1,1,0,1,1,1,0,1,1,0,0,0,0,1,1,1,1,0,1,0,0,1,1,0,0,1,1,1,0,1,0,1,0,1,1,0,0,1,0,1,1,1,1,1,1,1,0,0,1,1,0,0,1,1,0,1,0,1,0,0,1,0,1,1,0,1,1,1,0,1,0,1,1,0,0,1,0,1,1,0,1,0,1,1,1,0,0,1,0,1,0,0,1,1,0,0,0,0,1,0,82
54,54,3500,2500,1163593.7096489898,4328257651,560.0736333541647,1,0,0,1,1,0,0,0,0,1,0,0,1,1,1,0,0,1,1,0,0,0,1,1,0,0,0,0,0,1,0,0,0,1,0,1,0,1,1,0,0,0,1,0,1,0,0,0,0,1,1,1,1,1,1,1,0,1,0,1,1,0,1,1,1,0,1,1,0,0,0,0,1,1,1,1,0,1,0,0,1,1,0,0,1,1,1,0,1,0,1,0,1,1,0,0,1,0,1,1,1,1,1,1,1,0,0,1,1,0,0,1,1,0,1,0,1,0,0,1,0,1,1,0,1,1,1,0,1,0,1,1,0,0,1,0,1,1,0,1,0,1,1,1,0,0,1,0,1,0,0,1,1,0,0,0,0,1,0,82
55,55,3500,3000,1163593.7096489898,4328257651,560.0736333541647,1,0,0,1,1,0,0,0,0,1,0,0,1,1,1,0,0,1,1,0,0,0,1,1,0,0,0,0,0,1,0,0,0,1,0,1,0,1,1,0,0,0,1,0,1,0,0,0,0,1,1,1,1,1,1,1,0,1,0,1,1,0,1,1,1,0,1,1,0,0,0,0,1,1,1,1,0,1,0,0,1,1,0,0,1,1,1,0,1,0,1,0,1,1,0,0,1,0,1,1,1,1,1,1,1,0,0,1,1,0,0,1,1,0,1,0,1,0,0,1,0,1,1,0,1,1,1,0,1,0,1,1,0,0,1,0,1,1,0,1,0,1,1,1,0,0,1,0,1,0,0,1,1,0,0,0,0,1,0,82
56,56,3500,3500,1163593.7096489898,4328257651,560.0736333541647,1,0,0,1,1,0,0,0,0,1,0,0,1,1,1,0,0,1,1,0,0,0,1,1,0,0,0,0,0,1,0,0,0,1,0,1,0,1,1,0,0,0,1,0,1,0,0,0,0,1,1,1,1,1,1,1,0,1,0,1,1,0,1,1,1,0,1,1,0,0,0,0,1,1,1,1,0,1,0,0,1,1,0,0,1,1,1,0,1,0,1,0,1,1,0,0,1,0,1,1,1,1,1,1,1,0,0,1,1,0,0,1,1,0,1,0,1,0,0,1,0,1,1,0,1,1,1,0,1,0,1,1,0,0,1,0,1,1,0,1,0,1,1,1,0,0,1,0,1,0,0,1,1,0,0,0,0,1,0,82
57,57,3500,4000,1163593.7096489898,4328257651,560.0736333541647,1,0,0,1,1,0,0,0,0,1,0,0,1,1,1,0,0,1,1,0,0,0,1,1,0,0,0,0,0,1,0,0,0,1,0,1,0,1,1,0,0,0,1,0,1,0,0,0,0,1,1,1,1,1,1,1,0,1,0,1,1,0,1,1,1,0,1,1,0,0,0,0,1,1,1,1,0,1,0,0,1,1,0,0,1,1,1,0,1,0,1,0,1,1,0,0,1,0,1,1,1,1,1,1,1,0,0,1,1,0,0,1,1,0,1,0,1,0,0,1,0,1,1,0,1,1,1,0,1,0,1,1,0,0,1,0,1,1,0,1,0,1,1,1,0,0,1,0,1,0,0,1,1,0,0,0,0,1,0,82
58,58,3500,4500,9613565.12461183,46948795282,3733.2695282619543,7,0,0,2,12,0,0,0,0,4,0,0,12,5,7,0,0,4,14,0,0,0,21,6,0,0,0,0,0,2,0,0,0,17,0,4,0,15,9,0,0,0,9,0,2,0,0,0,0,4,2,2,7,6,6,4,0,8,0,3,3,0,7,1,1,0,3,7,0,0,0,0,5,4,3,3,0,8,0,0,4,6,0,0,12,2,4,0,6,0,15,0,15,5,0,0,8,0,10,16,5,7,9,2,5,0,0,8,1,0,0,12,3,0,3,0,27,0,0,1,0,10,9,0,11,2,11,0,32,0,29,11,0,0,16,0,8,20,0,1,0,7,1,1,0,0,1,0,17,0,0,6,12,0,0,0,0,3,0,633
59,59,3500,5000,10362178.771880738,48304686337,6196.305840405801,7,0,0,2,12,1,0,1,0,4,3,0,12,5,7,1,0,4,14,0,2,1,21,6,5,0,4,0,1,2,1,0,6,17,0,4,1,15,9,1,3,0,9,0,2,0,0,10,0,4,2,2,7,6,6,4,0,8,6,3,3,2,7,1,1,0,3,7,0,5,0,0,5,4,3,3,0,8,0,0,4,6,1,0,12,2,4,0,6,3,15,6,15,5,5,0,8,1,10,16,5,7,9,2,5,8,5,8,1,0,0,12,3,0,3,9,27,0,7,1,0,10,9,0,11,2,11,0,32,0,29,11,6,0,16,0,8,20,6,1,0,7,1,1,0,0,1,0,17,0,0,6,12,2,14,0,4,3,0,764
60,60,4000,500,1191671.3856016,4434212339,579.7704417433428,1,0,0,1,1,0,0,0,0,1,0,0,1,1,1,0,0,1,1,0,0,0,1,1,0,0,0,0,0,1,0,0,0,1,0,1,0,1,1,0,0,0,1,0,1,0,0,0,0,1,1,1,1,1,1,1,0,1,0,1,1,0,1,1,1,0,1,1,0,0,0,0,1,1,1,1,0,1,0,0,1,1,0,0,1,1,1,0,1,0,1,0,1,1,0,1,1,0,1,1,1,1,1,1,1,0,0,1,1,0,0,1,1,0,1,0,1,0,0,1,0,1,1,0,1,1,1,0,1,0,1,1,0,0,1,0,1,1,0,1,0,1,1,1,0,0,1,1,1,0,0,1,1,0,0,0,0,1,0,84
61,61,4000,1000,1191671.3856016,4434212339,579.7704417433428,1,0,0,1,1,0,0,0,0,1,0,0,1,1,1,0,0,1,1,0,0,0,1,1,0,0,0,0,0,1,0,0,0,1,0,1,0,1,1,0,0,0,1,0,1,0,0,0,0,1,1,1,1,1,1,1,0,1,0,1,1,0,1,1,1,0,1,1,0,0,0,0,1,1,1,1,0,1,0,0,1,1,0,0,1,1,1,0,1,0,1,0,1,1,0,1,1,0,1,1,1,1,1,1,1,0,0,1,1,0,0,1,1,0,1,0,1,0,0,1,0,1,1,0,1,1,1,0,1,0,1,1,0,0,1,0,1,1,0,1,0,1,1,1,0,0,1,1,1,0,0,1,1,0,0,0,0,1,0,84
62,62,4000,1500,1191671.3856016,4434212339,579.7704417433428,1,0,0,1,1,0,0,0,0,1,0,0,1,1,1,0,0,1,1,0,0,0,1,1,0,0,0,0,0,1,0,0,0,1,0,1,0,1,1,0,0,0,1,0,1,0,0,0,0,1,1,1,1,1,1,1,0,1,0,1,1,0,1,1,1,0,1,1,0,0,0,0,1,1,1,1,0,1,0,0,1,1,0,0,1,1,1,0,1,0,1,0,1,1,0,1,1,0,1,1,1,1,1,1,1,0,0,1,1,0,0,1,1,0,1,0,1,0,0,1,0,1,1,0,1,1,1,0,1,0,1,1,0,0,1,0,1,1,0,1,0,1,1,1,0,0,1,1,1,0,0,1,1,0,0,0,0,1,0,84
63,63,4000,2000,1191671.3856016,4434212339,579.7704417433428,1,0,0,1,1,0,0,0,0,1,0,0,1,1,1,0,0,1,1,0,0,0,1,1,0,0,0,0,0,1,0,0,0,1,0,1,0,1,1,0,0,0,1,0,1,0,0,0,0,1,1,1,1,1,1,1,0,1,0,1,1,0,1,1,1,0,1,1,0,0,0,0,1,1,1,1,0,1,0,0,1,1,0,0,1,1,1,0,1,0,1,0,1,1,0,1,1,0,1,1,1,1,1,1,1,0,0,1,1,0,0,1,1,0,1,0,1,0,0,1,0,1,1,0,1,1,1,0,1,0,1,1,0,0,1,0,1,1,0,1,0,1,1,1,0,0,1,1,1,0,0,1,1,0,0,0,0,1,0,84
64,64,4000,2500,1191671.3856016,4434212339,579.7704417433428,1,0,0,1,1,0,0,0,0,1,0,0,1,1,1,0,0,1,1,0,0,0,1,1,0,0,0,0,0,1,0,0,0,1,0,1,0,1,1,0,0,0,1,0,1,0,0,0,0,1,1,1,1,1,1,1,0,1,0,1,1,0,1,1,1,0,1,1,0,0,0,0,1,1,1,1,0,1,0,0,1,1,0,0,1,1,1,0,1,0,1,0,1,1,0,1,1,0,1,1,1,1,1,1,1,0,0,1,1,0,0,1,1,0,1,0,1,0,0,1,0,1,1,0,1,1,1,0,1,0,1,1,0,0,1,0,1,1,0,1,0,1,1,1,0,0,1,1,1,0,0,1,1,0,0,0,0,1,0,84
65,65,4000,3000,1191671.3856016,4434212339,579.7704417433428,1,0,0,1,1,0,0,0,0,1,0,0,1,1,1,0,0,1,1,0,0,0,1,1,0,0,0,0,0,1,0,0,0,1,0,1,0,1,1,0,0,0,1,0,1,0,0,0,0,1,1,1,1,1,1,1,0,1,0,1,1,0,1,1,1,0,1,1,0,0,0,0,1,1,1,1,0,1,0,0,1,1,0,0,1,1,1,0,1,0,1,0,1,1,0,1,1,0,1,1,1,1,1,1,1,0,0,1,1,0,0,1,1,0,1,0,1,0,0,1,0,1,1,0,1,1,1,0,1,0,1,1,0,0,1,0,1,1,0,1,0,1,1,1,0,0,1,1,1,0,0,1,1,0,0,0,0,1,0,84
66,66,4000,3500,1191671.3856016,4434212339,579.7704417433428,1,0,0,1,1,0,0,0,0,1,0,0,1,1,1,0,0,1,1,0,0,0,1,1,0,0,0,0,0,1,0,0,0,1,0,1,0,1,1,0,0,0,1,0,1,0,0,0,0,1,1,1,1,1,1,1,0,1,0,1,1,0,1,1,1,0,1,1,0,0,0,0,1,1,1,1,0,1,0,0,1,1,0,0,1,1,1,0,1,0,1,0,1,1,0,1,1,0,1,1,1,1,1,1,1,0,0,1,1,0,0,1,1,0,1,0,1,0,0,1,0,1,1,0,1,1,1,0,1,0,1,1,0,0,1,0,1,1,0,1,0,1,1,1,0,0,1,1,1,0,0,1,1,0,0,0,0,1,0,84
67,67,4000,4000,1191671.3856016,4434212339,579.7704417433428,1,0,0,1,1,0,0,0,0,1,0,0,1,1,1,0,0,1,1,0,0,0,1,1,0,0,0,0,0,1,0,0,0,1,0,1,0,1,1,0,0,0,1,0,1,0,0,0,0,1,1,1,1,1,1,1,0,1,0,1,1,0,1,1,1,0,1,1,0,0,0,0,1,1,1,1,0,1,0,0,1,1,0,0,1,1,1,0,1,0,1,0,1,1,0,1,1,0,1,1,1,1,1,1,1,0,0,1,1,0,0,1,1,0,1,0,1,0,0,1,0,1,1,0,1,1,1,0,1,0,1,1,0,0,1,0,1,1,0,1,0,1,1,1,0,0,1,1,1,0,0,1,1,0,0,0,0,1,0,84
68,68,4000,4500,12150634.70338234,62543391755,4763.459558135992,7,0,0,2,13,0,0,0,0,4,0,0,15,9,10,0,0,9,15,0,0,0,21,6,0,0,0,0,0,2,0,0,0,19,0,4,0,19,9,0,0,0,10,0,2,0,0,0,0,4,3,3,8,12,7,10,0,12,0,3,3,0,10,1,1,0,5,10,0,0,0,0,5,4,3,3,0,8,0,0,4,7,0,0,16,2,5,0,6,0,24,0,21,5,0,4,12,0,13,26,5,8,11,3,5,0,0,8,2,0,0,12,3,0,3,0,33,0,0,1,0,12,11,0,16,4,18,0,39,0,35,11,0,0,18,0,9,22,0,1,0,7,1,2,0,0,1,3,24,0,0,9,12,0,0,0,0,3,0,788
69,69,4000,5000,12972829.842331298,64044578550,7424.709141163528,7,0,0,2,13,1,0,1,0,4,3,0,15,9,10,1,0,9,15,2,2,1,21,6,5,0,4,0,1,2,4,0,6,19,0,4,1,19,9,1,3,0,10,0,2,0,0,11,0,4,3,3,8,12,7,10,0,12,6,3,3,3,10,1,1,0,5,10,0,5,0,0,5,4,3,3,0,8,0,0,4,7,1,0,16,2,5,0,6,3,24,7,21,5,7,4,12,1,13,26,5,8,11,3,5,8,5,8,2,0,0,12,3,0,3,9,33,0,7,1,0,12,11,0,16,4,18,0,39,0,35,11,7,0,18,0,9,22,7,1,0,7,1,2,0,0,1,3,24,0,0,9,12,3,16,0,4,3,0,934
70,70,4500,500,1223100.45181969,4538624094,602.1562669687812,1,0,0,1,1,0,0,0,0,1,0,0,1,1,1,0,0,1,1,0,0,0,1,1,0,0,0,0,0,1,0,1,0,1,0,1,0,1,1,0,0,0,1,0,1,1,0,0,0,1,1,1,1,1,1,1,0,1,0,1,1,0,1,1,1,0,1,1,0,0,0,0,1,1,1,1,0,1,0,0,1,1,0,1,1,1,1,0,1,0,1,0,1,1,0,1,1,0,1,1,1,1,1,1,1,0,0,1,1,0,0,1,1,0,1,0,1,0,0,1,0,1,1,0,1,1,1,0,1,0,1,1,0,0,1,0,1,1,0,1,0,1,1,1,0,0,1,1,1,0,0,1,1,0,0,0,0,1,0,87
71,71,4500,1000,1223100.45181969,4538624094,602.1562669687812,1,0,0,1,1,0,0,0,0,1,0,0,1,1,1,0,0,1,1,0,0,0,1,1,0,0,0,0,0,1,0,1,0,1,0,1,0,1,1,0,0,0,1,0,1,1,0,0,0,1,1,1,1,1,1,1,0,1,0,1,1,0,1,1,1,0,1,1,0,0,0,0,1,1,1,1,0,1,0,0,1,1,0,1,1,1,1,0,1,0,1,0,1,1,0,1,1,0,1,1,1,1,1,1,1,0,0,1,1,0,0,1,1,0,1,0,1,0,0,1,0,1,1,0,1,1,1,0,1,0,1,1,0,0,1,0,1,1,0,1,0,1,1,1,0,0,1,1,1,0,0,1,1,0,0,0,0,1,0,87
72,72,4500,1500,1223100.45181969,4538624094,602.1562669687812,1,0,0,1,1,0,0,0,0,1,0,0,1,1,1,0,0,1,1,0,0,0,1,1,0,0,0,0,0,1,0,1,0,1,0,1,0,1,1,0,0,0,1,0,1,1,0,0,0,1,1,1,1,1,1,1,0,1,0,1,1,0,1,1,1,0,1,1,0,0,0,0,1,1,1,1,0,1,0,0,1,1,0,1,1,1,1,0,1,0,1,0,1,1,0,1,1,0,1,1,1,1,1,1,1,0,0,1,1,0,0,1,1,0,1,0,1,0,0,1,0,1,1,0,1,1,1,0,1,0,1,1,0,0,1,0,1,1,0,1,0,1,1,1,0,0,1,1,1,0,0,1,1,0,0,0,0,1,0,87
73,73,4500,2000,1223100.45181969,4538624094,602.1562669687812,1,0,0,1,1,0,0,0,0,1,0,0,1,1,1,0,0,1,1,0,0,0,1,1,0,0,0,0,0,1,0,1,0,1,0,1,0,1,1,0,0,0,1,0,1,1,0,0,0,1,1,1,1,1,1,1,0,1,0,1,1,0,1,1,1,0,1,1,0,0,0,0,1,1,1,1,0,1,0,0,1,1,0,1,1,1,1,0,1,0,1,0,1,1,0,1,1,0,1,1,1,1,1,1,1,0,0,1,1,0,0,1,1,0,1,0,1,0,0,1,0,1,1,0,1,1,1,0,1,0,1,1,0,0,1,0,1,1,0,1,0,1,1,1,0,0,1,1,1,0,0,1,1,0,0,0,0,1,0,87
74,74,4500,2500,1223100.45181969,4538624094,602.1562669687812,1,0,0,1,1,0,0,0,0,1,0,0,1,1,1,0,0,1,1,0,0,0,1,1,0,0,0,0,0,1,0,1,0,1,0,1,0,1,1,0,0,0,1,0,1,1,0,0,0,1,1,1,1,1,1,1,0,1,0,1,1,0,1,1,1,0,1,1,0,0,0,0,1,1,1,1,0,1,0,0,1,1,0,1,1,1,1,0,1,0,1,0,1,1,0,1,1,0,1,1,1,1,1,1,1,0,0,1,1,0,0,1,1,0,1,0,1,0,0,1,0,1,1,0,1,1,1,0,1,0,1,1,0,0,1,0,1,1,0,1,0,1,1,1,0,0,1,1,1,0,0,1,1,0,0,0,0,1,0,87
75,75,4500,3000,1223100.45181969,4538624094,602.1562669687812,1,0,0,1,1,0,0,0,0,1,0,0,1,1,1,0,0,1,1,0,0,0,1,1,0,0,0,0,0,1,0,1,0,1,0,1,0,1,1,0,0,0,1,0,1,1,0,0,0,1,1,1,1,1,1,1,0,1,0,1,1,0,1,1,1,0,1,1,0,0,0,0,1,1,1,1,0,1,0,0,1,1,0,1,1,1,1,0,1,0,1,0,1,1,0,1,1,0,1,1,1,1,1,1,1,0,0,1,1,0,0,1,1,0,1,0,1,0,0,1,0,1,1,0,1,1,1,0,1,0,1,1,0,0,1,0,1,1,0,1,0,1,1,1,0,0,1,1,1,0,0,1,1,0,0,0,0,1,0,87
76,76,4500,3500,1223100.45181969,4538624094,602.1562669687812,1,0,0,1,1,0,0,0,0,1,0,0,1,1,1,0,0,1,1,0,0,0,1,1,0,0,0,0,0,1,0,1,0,1,0,1,0,1,1,0,0,0,1,0,1,1,0,0,0,1,1,1,1,1,1,1,0,1,0,1,1,0,1,1,1,0,1,1,0,0,0,0,1,1,1,1,0,1,0,0,1,1,0,1,1,1,1,0,1,0,1,0,1,1,0,1,1,0,1,1,1,1,1,1,1,0,0,1,1,0,0,1,1,0,1,0,1,0,0,1,0,1,1,0,1,1,1,0,1,0,1,1,0,0,1,0,1,1,0,1,0,1,1,1,0,0,1,1,1,0,0,1,1,0,0,0,0,1,0,87
77,77,4500,4000,14798333.13932828,77187322827,5630.391043214147,7,0,0,2,13,0,0,0,0,5,0,0,18,12,11,0,0,9,17,0,0,0,23,8,0,0,0,0,0,2,0,1,0,23,0,4,0,22,10,0,0,0,10,0,3,2,0,0,0,8,3,6,10,18,8,10,0,13,0,3,3,0,10,2,1,0,5,13,0,0,0,0,5,4,6,3,0,8,0,0,4,7,0,1,23,2,6,0,7,0,28,0,27,5,0,4,17,0,13,30,5,12,12,5,5,0,0,8,2,0,0,14,3,0,3,0,46,0,0,5,0,15,11,0,19,4,27,0,44,0,42,12,0,0,30,0,11,28,0,1,0,7,3,4,0,0,1,3,34,0,0,11,13,0,0,0,0,3,0,958
78,78,4500,4500,14798333.13932828,77187322827,5630.391043214147,7,0,0,2,13,0,0,0,0,5,0,0,18,12,11,0,0,9,17,0,0,0,23,8,0,0,0,0,0,2,0,1,0,23,0,4,0,22,10,0,0,0,10,0,3,2,0,0,0,8,3,6,10,18,8,10,0,13,0,3,3,0,10,2,1,0,5,13,0,0,0,0,5,4,6,3,0,8,0,0,4,7,0,1,23,2,6,0,7,0,28,0,27,5,0,4,17,0,13,30,5,12,12,5,5,0,0,8,2,0,0,14,3,0,3,0,46,0,0,5,0,15,11,0,19,4,27,0,44,0,42,12,0,0,30,0,11,28,0,1,0,7,3,4,0,0,1,3,34,0,0,11,13,0,0,0,0,3,0,958
79,79,4500,5000,15793625.777436346,78802504112,8722.119181304315,7,0,0,2,13,2,0,1,0,5,3,0,18,12,11,1,0,9,17,2,2,1,23,8,5,0,4,0,1,2,5,1,7,23,0,4,1,22,10,1,4,0,10,0,3,2,0,17,0,8,3,6,10,18,8,10,0,13,6,3,3,4,10,2,1,0,5,13,1,5,0,0,5,4,6,3,0,8,0,0,4,7,1,1,23,2,6,0,7,3,28,7,27,5,7,4,17,1,13,30,5,12,12,5,5,9,6,8,2,0,0,14,3,0,3,12,46,0,7,5,0,15,11,0,19,4,27,0,44,0,42,12,9,0,30,0,11,28,7,1,0,7,3,4,0,0,1,3,34,0,0,11,13,3,16,0,4,3,0,1123
80,80,5000,500,1232672.49907142,4634546793,611.7002733657093,1,0,0,1,1,0,0,0,0,1,0,0,1,1,1,0,0,1,1,0,0,0,1,1,0,0,0,0,0,1,0,1,0,1,0,1,0,1,1,0,0,0,1,0,1,1,0,0,1,1,1,1,1,1,1,1,0,1,0,1,1,0,1,1,1,0,1,1,0,0,0,0,1,1,1,1,0,1,0,0,1,1,0,1,1,1,1,0,1,0,1,0,1,1,0,1,1,0,1,1,1,1,1,1,1,0,0,1,1,0,0,1,1,0,1,0,1,0,0,1,0,1,1,1,1,1,1,0,1,0,1,1,0,0,1,0,1,1,0,1,0,1,1,1,0,0,1,1,1,0,0,1,1,0,0,0,0,1,0,89
81,81,5000,1000,1232672.49907142,4634546793,611.7002733657093,1,0,0,1,1,0,0,0,0,1,0,0,1,1,1,0,0,1,1,0,0,0,1,1,0,0,0,0,0,1,0,1,0,1,0,1,0,1,1,0,0,0,1,0,1,1,0,0,1,1,1,1,1,1,1,1,0,1,0,1,1,0,1,1,1,0,1,1,0,0,0,0,1,1,1,1,0,1,0,0,1,1,0,1,1,1,1,0,1,0,1,0,1,1,0,1,1,0,1,1,1,1,1,1,1,0,0,1,1,0,0,1,1,0,1,0,1,0,0,1,0,1,1,1,1,1,1,0,1,0,1,1,0,0,1,0,1,1,0,1,0,1,1,1,0,0,1,1,1,0,0,1,1,0,0,0,0,1,0,89
82,82,5000,1500,1232672.49907142,4634546793,611.7002733657093,1,0,0,1,1,0,0,0,0,1,0,0,1,1,1,0,0,1,1,0,0,0,1,1,0,0,0,0,0,1,0,1,0,1,0,1,0,1,1,0,0,0,1,0,1,1,0,0,1,1,1,1,1,1,1,1,0,1,0,1,1,0,1,1,1,0,1,1,0,0,0,0,1,1,1,1,0,1,0,0,1,1,0,1,1,1,1,0,1,0,1,0,1,1,0,1,1,0,1,1,1,1,1,1,1,0,0,1,1,0,0,1,1,0,1,0,1,0,0,1,0,1,1,1,1,1,1,0,1,0,1,1,0,0,1,0,1,1,0,1,0,1,1,1,0,0,1,1,1,0,0,1,1,0,0,0,0,1,0,89
83,83,5000,2000,1232672.49907142,4634546793,611.7002733657093,1,0,0,1,1,0,0,0,0,1,0,0,1,1,1,0,0,1,1,0,0,0,1,1,0,0,0,0,0,1,0,1,0,1,0,1,0,1,1,0,0,0,1,0,1,1,0,0,1,1,1,1,1,1,1,1,0,1,0,1,1,0,1,1,1,0,1,1,0,0,0,0,1,1,1,1,0,1,0,0,1,1,0,1,1,1,1,0,1,0,1,0,1,1,0,1,1,0,1,1,1,1,1,1,1,0,0,1,1,0,0,1,1,0,1,0,1,0,0,1,0,1,1,1,1,1,1,0,1,0,1,1,0,0,1,0,1,1,0,1,0,1,1,1,0,0,1,1,1,0,0,1,1,0,0,0,0,1,0,89
84,84,5000,2500,1232672.49907142,4634546793,611.7002733657093,1,0,0,1,1,0,0,0,0,1,0,0,1,1,1,0,0,1,1,0,0,0,1,1,0,0,0,0,0,1,0,1,0,1,0,1,0,1,1,0,0,0,1,0,1,1,0,0,1,1,1,1,1,1,1,1,0,1,0,1,1,0,1,1,1,0,1,1,0,0,0,0,1,1,1,1,0,1,0,0,1,1,0,1,1,1,1,0,1,0,1,0,1,1,0,1,1,0,1,1,1,1,1,1,1,0,0,1,1,0,0,1,1,0,1,0,1,0,0,1,0,1,1,1,1,1,1,0,1,0,1,1,0,0,1,0,1,1,0,1,0,1,1,1,0,0,1,1,1,0,0,1,1,0,0,0,0,1,0,89
85,85,5000,3000,1232672.49907142,4634546793,611.7002733657093,1,0,0,1,1,0,0,0,0,1,0,0,1,1,1,0,0,1,1,0,0,0,1,1,0,0,0,0,0,1,0,1,0,1,0,1,0,1,1,0,0,0,1,0,1,1,0,0,1,1,1,1,1,1,1,1,0,1,0,1,1,0,1,1,1,0,1,1,0,0,0,0,1,1,1,1,0,1,0,0,1,1,0,1,1,1,1,0,1,0,1,0,1,1,0,1,1,0,1,1,1,1,1,1,1,0,0,1,1,0,0,1,1,0,1,0,1,0,0,1,0,1,1,1,1,1,1,0,1,0,1,1,0,0,1,0,1,1,0,1,0,1,1,1,0,0,1,1,1,0,0,1,1,0,0,0,0,1,0,89
86,86,5000,3500,1232672.49907142,4634546793,611.7002733657093,1,0,0,1,1,0,0,0,0,1,0,0,1,1,1,0,0,1,1,0,0,0,1,1,0,0,0,0,0,1,0,1,0,1,0,1,0,1,1,0,0,0,1,0,1,1,0,0,1,1,1,1,1,1,1,1,0,1,0,1,1,0,1,1,1,0,1,1,0,0,0,0,1,1,1,1,0,1,0,0,1,1,0,1,1,1,1,0,1,0,1,0,1,1,0,1,1,0,1,1,1,1,1,1,1,0,0,1,1,0,0,1,1,0,1,0,1,0,0,1,0,1,1,1,1,1,1,0,1,0,1,1,0,0,1,0,1,1,0,1,0,1,1,1,0,0,1,1,1,0,0,1,1,0,0,0,0,1,0,89
87,87,5000,4000,17219965.65836375,93871065409,6405.173903155883,7,0,0,2,19,0,0,0,0,5,0,0,20,12,13,0,0,9,20,0,0,0,23,8,0,0,0,0,0,2,0,1,0,24,0,4,0,25,12,0,0,0,10,0,3,2,0,0,1,8,3,6,10,21,8,13,0,13,0,3,3,0,11,2,1,0,7,20,0,0,0,0,6,4,6,3,0,8,0,0,4,7,0,2,28,2,7,0,8,0,30,0,32,7,0,5,18,0,14,46,5,16,13,7,8,0,0,10,2,0,0,18,3,0,4,0,50,0,0,6,0,18,11,1,20,6,33,0,54,0,43,12,0,0,39,0,11,28,0,2,0,7,3,5,0,0,1,3,39,0,0,14,14,0,0,0,0,3,0,1097
88,88,5000,4500,17219965.65836375,93871065409,6405.173903155883,7,0,0,2,19,0,0,0,0,5,0,0,20,12,13,0,0,9,20,0,0,0,23,8,0,0,0,0,0,2,0,1,0,24,0,4,0,25,12,0,0,0,10,0,3,2,0,0,1,8,3,6,10,21,8,13,0,13,0,3,3,0,11,2,1,0,7,20,0,0,0,0,6,4,6,3,0,8,0,0,4,7,0,2,28,2,7,0,8,0,30,0,32,7,0,5,18,0,14,46,5,16,13,7,8,0,0,10,2,0,0,18,3,0,4,0,50,0,0,6,0,18,11,1,20,6,33,0,54,0,43,12,0,0,39,0,11,28,0,2,0,7,3,5,0,0,1,3,39,0,0,14,14,0,0,0,0,3,0,1097
89,89,5000,5000,18290724.287940204,95605934357,9756.274790779586,7,0,1,2,19,2,0,1,0,5,3,0,20,12,13,3,0,9,20,2,2,1,23,8,5,0,4,0,2,2,5,1,8,24,0,4,1,25,12,1,4,0,10,0,3,2,0,17,1,8,3,6,10,21,8,13,0,13,7,3,3,8,11,2,1,0,7,20,1,5,0,0,6,4,6,3,0,8,0,0,4,7,1,2,28,2,7,0,8,3,30,8,32,7,7,5,18,1,14,46,5,16,13,7,8,9,6,10,2,0,0,18,3,0,4,13,50,0,7,6,0,18,11,1,20,6,33,0,54,0,43,12,10,0,39,0,11,28,7,2,0,7,3,5,0,0,1,3,39,0,0,14,14,3,17,0,4,3,0,1276
