<?xml version="1.0" encoding="UTF-8"?>
<metadata xml:lang="zh"><Esri><CreaDate>20240906</CreaDate><CreaTime>18032800</CreaTime><ArcGISFormat>1.0</ArcGISFormat><SyncOnce>TRUE</SyncOnce><DataProperties><lineage><Process ToolSource="d:\program files\arcgis\pro\Resources\ArcToolbox\toolboxes\Conversion Tools.tbx\ExportFeatures" Date="20240906" Time="180328">ExportFeatures georgia_counties F:\opti\GA_shp\counties_regis.shp # NOT_USE_ALIAS "name "name" true true false 254 Text 0 0,First,#,georgia_counties,georgia_counties.name,0,253;id "id" true true false 254 Text 0 0,First,#,georgia_counties,georgia_counties.id,0,253;STATE "STATE" true true false 254 Text 0 0,First,#,georgia_counties,georgia_counties.STATE,0,253;TYPE "TYPE" true true false 254 Text 0 0,First,#,georgia_counties,georgia_counties.TYPE,0,253;CNTRY "CNTRY" true true false 254 Text 0 0,First,#,georgia_counties,georgia_counties.CNTRY,0,253;OBJECTID "OBJECTID" false true false 4 Long 0 9,First,#,georgia_counties,georgia_counties_AddSpatialJoin_4.OBJECTID,-1,-1;Join_Count "Join_Count" true true false 4 Long 0 0,First,#,georgia_counties,georgia_counties_AddSpatialJoin_4.Join_Count,-1,-1;TARGET_FID "TARGET_FID" true true false 4 Long 0 0,First,#,georgia_counties,georgia_counties_AddSpatialJoin_4.TARGET_FID,-1,-1;zone_id "zone_id" true true false 254 Text 0 0,First,#,georgia_counties,georgia_counties_AddSpatialJoin_4.zone_id,0,253;zone_name "zone_name" true true false 254 Text 0 0,First,#,georgia_counties,georgia_counties_AddSpatialJoin_4.zone_name,0,253;mode_vehic "mode_vehic" true true false 8 Double 0 0,First,#,georgia_counties,georgia_counties_AddSpatialJoin_4.mode_vehic,-1,-1;Shape_Length "Shape_Length" false true true 8 Double 0 0,First,#,georgia_counties,georgia_counties_AddSpatialJoin_4.Shape_Length,-1,-1;Shape_Area "Shape_Area" false true true 8 Double 0 0,First,#,georgia_counties,georgia_counties_AddSpatialJoin_4.Shape_Area,-1,-1;FID "FID" false true false 4 Long 0 9,First,#,georgia_counties,GA.FID,-1,-1;OBJECTID_1 "OBJECTID_1" true true false 10 Long 0 10,First,#,georgia_counties,GA.OBJECTID_1,-1,-1;shape_leng "shape_leng" true true false 19 Double 0 0,First,#,georgia_counties,GA.shape_leng,-1,-1;statefp "statefp" true true false 10 Long 0 10,First,#,georgia_counties,GA.statefp,-1,-1;state_abb "state_abb" true true false 254 Text 0 0,First,#,georgia_counties,GA.state_abb,0,253;zone_id "zone_id" true true false 254 Text 0 0,First,#,georgia_counties,GA.zone_id,0,253;zone_name "zone_name" true true false 254 Text 0 0,First,#,georgia_counties,GA.zone_name,0,253;shape_area "shape_area" true true false 19 Double 0 0,First,#,georgia_counties,GA.shape_area,-1,-1;CBSAFP2 "CBSAFP2" true true false 50 Text 0 0,First,#,georgia_counties,GA.CBSAFP2,0,49;zone_id_1 "zone_id_1" true true false 254 Text 0 0,First,#,georgia_counties,GA.zone_id_1,0,253;mode_vehic "mode_vehic" true true false 19 Double 0 0,First,#,georgia_counties,GA.mode_vehic,-1,-1;Area "Area" true true false 19 Double 0 0,First,#,georgia_counties,GA.Area,-1,-1;Regis "Regis" true true false 19 Double 0 0,First,#,georgia_counties,GA.Regis,-1,-1" #</Process><Process ToolSource="d:\program files\arcgis\pro\Resources\ArcToolbox\toolboxes\Data Management Tools.tbx\DeleteField" Date="20240906" Time="180405">DeleteField counties_regis OBJECTID_1 "Delete Fields"</Process><Process ToolSource="d:\program files\arcgis\pro\Resources\ArcToolbox\toolboxes\Data Management Tools.tbx\DeleteField" Date="20240906" Time="180428">DeleteField counties_regis Join_Count;TARGET_FID;zone_id;zone_name;mode_vehic;Shape_Leng;Shape_Area;FID_;OBJECTID_2;shape_le_1;statefp;state_abb;zone_id_1;zone_nam_1;shape_ar_1;CBSAFP2;zone_id_12 "Delete Fields"</Process><Process ToolSource="d:\program files\arcgis\pro\Resources\ArcToolbox\toolboxes\Data Management Tools.tbx\DeleteField" Date="20240906" Time="180446">DeleteField counties_regis Area "Delete Fields"</Process><Process ToolSource="d:\program files\arcgis\pro\Resources\ArcToolbox\toolboxes\Data Management Tools.tbx\DeleteField" Date="20240906" Time="180451">DeleteField counties_regis mode_veh_1 "Delete Fields"</Process><Process ToolSource="d:\program files\arcgis\pro\Resources\ArcToolbox\toolboxes\Data Management Tools.tbx\UpdateSchema" Date="20240906" Time="180505">UpdateSchema "CIMDATA=&lt;CIMStandardDataConnection xsi:type='typens:CIMStandardDataConnection' xmlns:xsi='http://www.w3.org/2001/XMLSchema-instance' xmlns:xs='http://www.w3.org/2001/XMLSchema' xmlns:typens='http://www.esri.com/schemas/ArcGIS/3.3.0'&gt;&lt;WorkspaceConnectionString&gt;DATABASE=F:\opti\GA_shp&lt;/WorkspaceConnectionString&gt;&lt;WorkspaceFactory&gt;Shapefile&lt;/WorkspaceFactory&gt;&lt;Dataset&gt;counties_regis&lt;/Dataset&gt;&lt;DatasetType&gt;esriDTFeatureClass&lt;/DatasetType&gt;&lt;/CIMStandardDataConnection&gt;" &lt;operationSequence&gt;&lt;workflow&gt;&lt;AddField&gt;&lt;field_name&gt;Area&lt;/field_name&gt;&lt;field_type&gt;DOUBLE&lt;/field_type&gt;&lt;field_is_nullable&gt;False&lt;/field_is_nullable&gt;&lt;field_is_required&gt;False&lt;/field_is_required&gt;&lt;/AddField&gt;&lt;/workflow&gt;&lt;/operationSequence&gt;</Process><Process ToolSource="d:\program files\arcgis\pro\Resources\ArcToolbox\toolboxes\Data Management Tools.tbx\UpdateSchema" Date="20240906" Time="180629">UpdateSchema "CIMDATA=&lt;CIMStandardDataConnection xsi:type='typens:CIMStandardDataConnection' xmlns:xsi='http://www.w3.org/2001/XMLSchema-instance' xmlns:xs='http://www.w3.org/2001/XMLSchema' xmlns:typens='http://www.esri.com/schemas/ArcGIS/3.3.0'&gt;&lt;WorkspaceConnectionString&gt;DATABASE=F:\opti\GA_shp&lt;/WorkspaceConnectionString&gt;&lt;WorkspaceFactory&gt;Shapefile&lt;/WorkspaceFactory&gt;&lt;Dataset&gt;counties_regis&lt;/Dataset&gt;&lt;DatasetType&gt;esriDTFeatureClass&lt;/DatasetType&gt;&lt;/CIMStandardDataConnection&gt;" &lt;operationSequence&gt;&lt;workflow&gt;&lt;AddField&gt;&lt;field_name&gt;Register&lt;/field_name&gt;&lt;field_type&gt;LONG&lt;/field_type&gt;&lt;field_is_nullable&gt;False&lt;/field_is_nullable&gt;&lt;field_is_required&gt;False&lt;/field_is_required&gt;&lt;/AddField&gt;&lt;/workflow&gt;&lt;/operationSequence&gt;</Process><Process ToolSource="d:\program files\arcgis\pro\Resources\ArcToolbox\toolboxes\Data Management Tools.tbx\CalculateGeometryAttributes" Date="20240906" Time="180644">CalculateGeometryAttributes counties_regis "Area AREA_GEODESIC" # # # "Same as input"</Process><Process ToolSource="d:\program files\arcgis\pro\Resources\ArcToolbox\toolboxes\Data Management Tools.tbx\CalculateField" Date="20240906" Time="180718">CalculateField counties_regis Register "!Regis! * !Area! / 100000000" Python # Text NO_ENFORCE_DOMAINS</Process><Process ToolSource="d:\program files\arcgis\pro\Resources\ArcToolbox\toolboxes\Data Management Tools.tbx\UpdateSchema" Date="20240906" Time="180740">UpdateSchema "CIMDATA=&lt;CIMStandardDataConnection xsi:type='typens:CIMStandardDataConnection' xmlns:xsi='http://www.w3.org/2001/XMLSchema-instance' xmlns:xs='http://www.w3.org/2001/XMLSchema' xmlns:typens='http://www.esri.com/schemas/ArcGIS/3.3.0'&gt;&lt;WorkspaceConnectionString&gt;DATABASE=F:\opti\GA_shp&lt;/WorkspaceConnectionString&gt;&lt;WorkspaceFactory&gt;Shapefile&lt;/WorkspaceFactory&gt;&lt;Dataset&gt;counties_regis&lt;/Dataset&gt;&lt;DatasetType&gt;esriDTFeatureClass&lt;/DatasetType&gt;&lt;/CIMStandardDataConnection&gt;" &lt;operationSequence&gt;&lt;workflow&gt;&lt;DeleteField&gt;&lt;field_name&gt;Register&lt;/field_name&gt;&lt;/DeleteField&gt;&lt;/workflow&gt;&lt;/operationSequence&gt;</Process><Process ToolSource="d:\program files\arcgis\pro\Resources\ArcToolbox\toolboxes\Data Management Tools.tbx\UpdateSchema" Date="20240906" Time="180756">UpdateSchema "CIMDATA=&lt;CIMStandardDataConnection xsi:type='typens:CIMStandardDataConnection' xmlns:xsi='http://www.w3.org/2001/XMLSchema-instance' xmlns:xs='http://www.w3.org/2001/XMLSchema' xmlns:typens='http://www.esri.com/schemas/ArcGIS/3.3.0'&gt;&lt;WorkspaceConnectionString&gt;DATABASE=F:\opti\GA_shp&lt;/WorkspaceConnectionString&gt;&lt;WorkspaceFactory&gt;Shapefile&lt;/WorkspaceFactory&gt;&lt;Dataset&gt;counties_regis&lt;/Dataset&gt;&lt;DatasetType&gt;esriDTFeatureClass&lt;/DatasetType&gt;&lt;/CIMStandardDataConnection&gt;" &lt;operationSequence&gt;&lt;workflow&gt;&lt;AddField&gt;&lt;field_name&gt;Register&lt;/field_name&gt;&lt;field_type&gt;DOUBLE&lt;/field_type&gt;&lt;field_is_nullable&gt;False&lt;/field_is_nullable&gt;&lt;field_is_required&gt;False&lt;/field_is_required&gt;&lt;/AddField&gt;&lt;/workflow&gt;&lt;/operationSequence&gt;</Process><Process ToolSource="d:\program files\arcgis\pro\Resources\ArcToolbox\toolboxes\Data Management Tools.tbx\CalculateField" Date="20240906" Time="180808">CalculateField counties_regis Register "!Regis! * !Area! / 100000000" Python # Text NO_ENFORCE_DOMAINS</Process><Process ToolSource="d:\program files\arcgis\pro\Resources\ArcToolbox\toolboxes\Data Management Tools.tbx\DeleteField" Date="20240906" Time="180835">DeleteField counties_regis Regis "Delete Fields"</Process><Process ToolSource="d:\program files\arcgis\pro\Resources\ArcToolbox\toolboxes\Data Management Tools.tbx\DeleteField" Date="20240906" Time="180909">DeleteField counties_regis Area "Delete Fields"</Process></lineage></DataProperties></Esri></metadata>
